favorite_count	retweet count	retweet_count	tweet_id
37135		7937.0	892420643555336193
31939		5900.0	892177421306343426
24054		3899.0	891815181378084864
40456		8095.0	891689557279858688
38672		8778.0	891327558926688256
19442		2917.0	891087950875897856
11340		1937.0	890971913173991426
62632		17701.0	890729181411237888
26740		4020.0	890609185150312448
30632		6903.0	890240255349198849
29483		6874.0	890006608113172480
26734		4683.0	889880896479866881
46147		9418.0	889665388333682689
26017		4225.0	889638837579907072
14523		2117.0	889531135344209921
24213		5025.0	889278841981685760
27962		4221.0	888917238123831296
24550		3997.0	888804989199671297
19008		3298.0	888554962724278272
66127		16923.0	887473957103951883
20890		3265.0	888078434458587136
28993		5050.0	887705289381826560
44488		11012.0	887517139158093824
66127		16923.0	887473957103951883
32327		9812.0	887343217045368832
29359		5591.0	887101392804085760
33669		7205.0	886983233522544640
11544		3039.0	886736880519319552
21536		4183.0	886680336477933568
20314		2995.0	886366144734445568
26869		5924.0	886258384151887873
3184		197.0	886053434075471873
31313		6334.0	885984800019947520
34541		6009.0	885528943205470208
68922		17403.0	830583320585068544
21033		4107.0	885167619883638784
74265		17019.0	884925521741709313
26781		5263.0	884876753390489601
23334		4426.0	884562892145688576
25961		5342.0	884441805382717440
19564		2802.0	884162670584377345
20990		3246.0	883838122936631299
44092		9294.0	883482846933004288
21776		3483.0	883360690899218434
35670		6249.0	883117836046086144
22964		3670.0	882992080364220416
27159		4603.0	882762694511734784
26829		5697.0	882627270321602560
43126		10888.0	882268110199369728
28160		4602.0	882045870035918850
23350		3196.0	881906580714921986
48654		10035.0	881666595344535552
47491		14995.0	881536004380872706
22264		4924.0	881268444196462592
16362		2623.0	880935762899988482
20447		3594.0	880872448815771648
27391		5865.0	880465832366813184
25934		3955.0	880221127280381952
26559		4081.0	880095782870896641
21480		3285.0	879862464715927552
22539		2995.0	879492040517615616
101768		41757.0	879415818425184262
16164		2939.0	879376492567855104
40448		6415.0	878057613040115712
21661		4407.0	879050749262655488
18236		2534.0	879008229531029506
18633		3864.0	878776093423087618
754		153.0	878599868507402241
20658		6287.0	669000397445533696
40448		6415.0	878057613040115712
76538		17925.0	877736472329191424
3		5.0	2195
21843		3594.0	877556246731214848
26354		4882.0	877316821321428993
26079		5265.0	877201837425926144
19926		3151.0	876838120628539392
26427		10314.0	876162994446753793
18060		2251.0	876484053909872640
26893		4410.0	876120275196170240
24237		4027.0	875747767867523072
21116		4655.0	875144289856114688
73949		27265.0	874413398133547008
24538		4463.0	875021211251597312
26802		4379.0	874680097055178752
51183		13796.0	866334964761202691
25089		3894.0	874296783580663808
21876		3751.0	874057562936811520
33234		9756.0	874012996292530176
63608		13833.0	868880397819494401
23342		3725.0	873580283840344065
6943		1510.0	873213775632977920
6943		1510.0	873213775632977920
26322		5126.0	872967104147763200
14203		3518.0	872820683541237760
20026		3473.0	872620804844003328
39304		8566.0	872486979161796608
33218		7701.0	872122724285648897
36513		10500.0	871879754684805121
19581		3309.0	871762521631449091
19499		3292.0	871515927908634625
23327		5433.0	841077006473256960
25464		10849.0	871075758080503809
21957		3636.0	871032628920680449
32558		5901.0	870804317367881728
12003		2516.0	870656317836468226
80254		25211.0	870374049280663552
21195		3966.0	870308999962521604
35459		7938.0	870063196459192321
88679		29475.0	859196978902773760
41206		9635.0	869772420881756160
27393		6038.0	869702957897576449
15503		2999.0	869596645499047938
19826		3617.0	869227993411051520
63608		13833.0	868880397819494401
25962		5091.0	868622495443632128
23543		4016.0	867900495410671616
33037		7061.0	867774946302451713
15678		2391.0	867421006826221569
1784		117.0	865013420445368320
31392		7570.0	867051520902168576
119276		33966.0	866450705531457537
1347		383.0	866458718883467265
18784		3345.0	866686824827068416
119276		33966.0	866450705531457537
51183		13796.0	866334964761202691
35002		8086.0	837820167694528512
25033		5425.0	865718153858494464
25833		4819.0	865359393868664832
27350		7420.0	865006731092295680
31523		8402.0	864873206498414592
14255		2925.0	864279568663928832
29388		8592.0	864197398364647424
20162		4002.0	863907417377173506
14952		4053.0	863553081350529029
8309		2357.0	863062471531167744
23308		5077.0	863432100342583297
8589		1071.0	863079547188785154
8309		2357.0	863062471531167744
18778		4991.0	862831371563274240
16733		3433.0	862722525377298433
20074		4801.0	862457590147678208
73036		22518.0	862096992088072192
78342		36586.0	806629075125202948
35423		10413.0	861383897657036800
16881		4027.0	861288531465048066
16405		3713.0	861005113778896900
7384		2095.0	860563773140209665
9977		786.0	860914485250469888
7384		2095.0	860563773140209665
23246		5164.0	860524505164394496
18032		3406.0	860276583193509888
16394		5711.0	860184849394610176
51207		30205.0	761672994376806400
19258		4000.0	859924526012018688
15173		3435.0	859851578198683649
18310		1532.0	859607811541651456
88679		29475.0	859196978902773760
33407		13330.0	859074603037188101
28098		7964.0	839549326359670784
15343		3427.0	858843525470990336
21225		4763.0	858471635011153920
15534		2859.0	858107933456039936
15924		2549.0	857989990357356544
33848		10441.0	857746408056729600
5825		1614.0	857393404942143489
19805		4442.0	857263160327368704
5171		168.0	857061112319234050
18731		3945.0	857029823797047296
16129		2839.0	856543823941562368
11752		1852.0	856526610513747968
27525		6204.0	856282028240666624
45271		17726.0	855851453814013952
15851		3052.0	855656431005061120
29735		8148.0	855459453768019968
24946		5920.0	842163532590374912
771		44.0	855122533267460096
22745		6021.0	854732716440526848
29213		6844.0	854482394044301312
18837		4667.0	854365224396361728
31921		7453.0	854120357044912130
16177		3147.0	854010172552949760
28568		5734.0	853760880890318849
34795		10067.0	853639147608842240
15525		3550.0	853299958564483072
7385		2004.0	831650051525054464
9083		1828.0	852912242202992640
14952		2154.0	852672615818899456
16370		3503.0	852553447878664193
33227		9946.0	852311364735569921
20087		6860.0	852226086759018497
11496		1589.0	852189679701164033
657		1117.0	98
16319		3492.0	851591660324737024
24381		7092.0	851464819735769094
20784		5754.0	851224888060895234
31099		9218.0	850753642995093505
13181		2635.0	850380195714523136
16465		3835.0	850145622816686080
20591		4914.0	850019790995546112
30760		7660.0	849776966551130114
20749		4997.0	833124694597443584
16018		3182.0	849412302885593088
11515		1925.0	849336543269576704
42781		8573.0	849051919805034497
25455		4368.0	848690551926992896
25020		4653.0	848324959059550208
16505		3089.0	848212111729840128
17666		3298.0	832369877331693569
4424		436.0	847971000004354048
23806		5157.0	847962785489326080
5520		1347.0	847842811428974592
19011		3464.0	847606175596138505
20738		4346.0	847251039262605312
21707		3234.0	847116187444137987
20371		3975.0	846874817362120707
45269		11747.0	846514051647705089
344		90.0	846484798663245829
32137		9199.0	846153765933735936
47946		23660.0	846088479142531073
16248		2918.0	846042936437604353
29724		8850.0	845812042753855489
25562		4866.0	845677943972139009
44168		18067.0	756288534030475264
7753		1840.0	845397057150107648
23721		5475.0	845306882940190720
24165		7793.0	773308824254029826
13865		2600.0	844979544864018432
15365		3261.0	844973813909606400
16772		3190.0	844580511645339650
13874		2242.0	844223788422217728
425		865.0	153
21840		4716.0	843856843873095681
17185		2797.0	843604394117681152
21913		6134.0	843235543001513987
123955		58517.0	807106840509214720
15515		3702.0	842846295480000512
6877		1312.0	842765311967449089
18441		3579.0	842535590457499648
24945		5920.0	842163532590374912
14270		3101.0	842115215311396866
35381		15508.0	817423860136083457
26212		7958.0	841680585030541313
12910		3764.0	841439858740625411
23519		11796.0	841311395547250688
16156		4774.0	841314665196081154
23327		5433.0	841077006473256960
46741		16543.0	667152164079423490
12537		998.0	840696689258311684
16811		4661.0	840370681858686976
19694		5868.0	840268004936019968
13718		2345.0	839990271299457024
28098		7964.0	839549326359670784
1875		146.0	839289919298224128
27822		6692.0	839239871831150596
11847		4232.0	838948714227998720
11410		2110.0	838921590096166913
732		35.0	838905980628819968
31333		11306.0	783839966405230592
11169		1367.0	838561493054533637
23110		4908.0	838476387338051585
32749		10334.0	820749716845686786
18054		3231.0	838083903487373313
35002		8086.0	837820167694528512
3924		451.0	837482249356513284
13106		2338.0	837471256429613056
16441		2441.0	837110210464448512
13044		2349.0	836989968035819520
19775		4776.0	836753516572119041
12925		2279.0	836677758902222849
53836		28388.0	817827839487737858
15125		3070.0	836380477523124226
21842		4415.0	836260088725786625
19590		4383.0	836001077879255040
27804		8382.0	786963064373534720
18241		3719.0	835574547218894849
7930		1752.0	835264098648616962
16873		3096.0	835297930240217089
7930		1752.0	835264098648616962
26831		5931.0	835172783151792128
23047		3118.0	835152434251116546
11113		1701.0	834931633769889797
21837		5643.0	834786237630337024
14041		2610.0	834574053763584002
32743		11012.0	829501995190984704
9865		1734.0	834458053273591808
21181		4910.0	834209720923721728
16218		3768.0	834167344700198914
13419		2276.0	834086379323871233
13777		2478.0	833863086058651648
18511		3878.0	833826103416520705
2039		223.0	832434358292209665
21323		3324.0	833722901757046785
15250		2116.0	833479644947025920
20749		4997.0	833124694597443584
13672		2286.0	832998151111966721
1331		39.0	832766382198566913
17313		3738.0	832757312314028032
3682		1963.0	832268302944579584
413		54.0	2017
16298		2880.0	832636094638288896
12271		2288.0	832397543355072512
17666		3298.0	832369877331693569
11644		2412.0	832273440279240704
19055		6425.0	786709082849828864
25758		9688.0	793286476301799424
32543		9981.0	769940425801170949
24697		6355.0	831939777352105988
28462		6738.0	831911600680497154
10753		1879.0	831670449226514432
7385		2004.0	831650051525054464
9250		2378.0	831552930092285952
9516		1596.0	831322785565769729
6727		1160.0	831315979191906304
12090		2545.0	831309418084069378
12264		2120.0	831262627380748289
8208		1545.0	830956169170665475
68922		17403.0	830583320585068544
20812		5906.0	809220051211603969
10134		3077.0	830097400375152640
22278		5211.0	826958653328592898
12603		2027.0	829861396166877184
32743		11012.0	829501995190984704
10796		2100.0	829449946868879360
25197		7651.0	829141528400556032
54722		16909.0	829011960981237760
15332		3533.0	810254108431155201
26360		6095.0	828770345708580865
37745		11654.0	828708714936930305
9818		1408.0	828650029636317184
6530		1205.0	828409743546925057
7922		1341.0	828408677031882754
13037		2300.0	828381636999917570
7625		1111.0	828376505180889089
12971		3057.0	828372645993398273
12147		2970.0	828046555563323392
10685		2231.0	828011680017821696
20765		5437.0	827933404142436356
15969		3116.0	827653905312006145
7657		978.0	827600520311402496
16357		3171.0	827324948884643840
36603		14739.0	694669722378485760
10917		2327.0	827199976799354881
22278		5211.0	826958653328592898
37621		10593.0	826848821049180160
16178		4132.0	809920764300447744
10384		2438.0	826598365270007810
19039		4383.0	826476773533745153
13727		2704.0	826240494070030336
412		54.0	2017
16168		3261.0	826115272272650244
10793		1951.0	825876512159186944
13168		2586.0	825829644528148480
53974		17995.0	825535076884762624
18939		4743.0	825147591692263424
6555		1328.0	825026590719483904
6555		1328.0	825026590719483904
16981		5725.0	795076730285391872
15458		3668.0	824775126675836928
10436		1810.0	824663926340194305
12230		10917.0	824325613288833024
15609		4029.0	824297048279236611
8497		2352.0	823966201328046080
11010		2820.0	823939628516474880
14428		2623.0	823699002998870016
13491		2746.0	823581115634085888
16291		4198.0	823322678127919110
36301		10321.0	822244816520155136
17911		3596.0	822975315408461824
136814		45284.0	822872901745569793
13741		2393.0	822859134160621569
18826		6686.0	822489057087389700
15326		3078.0	822610361945911296
18826		6686.0	822489057087389700
29312		15092.0	822462944365645825
36301		10321.0	822244816520155136
15969		5010.0	786233965241827333
11759		2425.0	821886076407029760
12633		3496.0	780601303617732608
8725		1723.0	821765923262631936
8322		1847.0	821522889702862852
17358		5841.0	782305867769217024
12224		4530.0	821407182352777218
9014		2092.0	821149554670182400
9948		2229.0	821107785811234820
13125		2387.0	821044531881721856
23997		7043.0	819227688460238848
32748		10334.0	820749716845686786
12667		3373.0	820690176645140481
3467		592.0	820314633777061888
16027		2692.0	800141422401830912
3467		592.0	820314633777061888
20582		6557.0	820078625395449857
5530		1238.0	819952236453363712
5530		1238.0	819952236453363712
13380		5087.0	819924195358416896
13958		3253.0	819711362133872643
9978		2070.0	819588359383371776
7502		1257.0	819347104292290561
412		54.0	2017
23997		7043.0	819227688460238848
90273		38535.0	819004803107983360
46989		19808.0	819006400881917954
46989		19808.0	819006400881917954
90273		38535.0	819004803107983360
23250		7891.0	818627210458333184
10235		2691.0	818614493328580609
22964		6438.0	773547596996571136
11351		2593.0	818536468981415936
31796		8505.0	816450570814898180
11459		2388.0	818259473185828864
12768		2699.0	818145370475810820
3947		839.0	817902080979599361
53836		28388.0	817827839487737858
11154		2824.0	817777686764523521
12259		3124.0	817536400337801217
9548		3555.0	692417313023332352
35381		15508.0	817423860136083457
23329		8882.0	815966073409433600
9100		2118.0	817171292965273600
12689		2729.0	817120970343411712
8932		1721.0	817056546584727552
17425		4938.0	790946055508652032
10436		2144.0	816816676327063552
10191		2296.0	816697700272001025
31796		8505.0	816450570814898180
8958		2044.0	816336735214911488
9290		2250.0	816091915477250048
5174		1083.0	815990720817401858
15220		5541.0	732005617171337216
5174		1083.0	815990720817401858
23329		8882.0	815966073409433600
13731		4348.0	791406955684368384
10256		2381.0	815736392542261248
8561		1727.0	815639385530101762
10805		3992.0	815390420867969024
7975		1348.0	814986499976527872
11750		2842.0	814638523311648768
17150		6125.0	698195409219559425
9018		1948.0	814530161257443328
30023		9123.0	814153002265309185
13140		3349.0	790277117346975746
9702		1964.0	813910438903693312
37961		14687.0	813812741911748608
8690		1850.0	813800681631023104
19471		7672.0	813217897535406080
9604		1893.0	813202720496779264
20714		4597.0	813187593374461952
9702		2014.0	813172488309972993
8100		2327.0	813157409116065792
8829		2491.0	813142292504645637
12366		3286.0	813127251579564032
10754		2888.0	813112105746448384
10976		3801.0	813096984823349248
10303		2909.0	813081950185472002
8311		2054.0	813066809284972545
21860		7734.0	813051746834595840
7905		2012.0	812781120811126785
6915		1502.0	812709060537683968
8324		2030.0	812466873996607488
14290		3860.0	812372279581671427
7577		1479.0	811985624773361665
7886		1680.0	811744202451197953
13330		3264.0	811627233043480576
21827		6716.0	811386762094317568
5578		1518.0	810984652412424192
9433		1868.0	810896069567610880
11468		2794.0	810657578271330305
36895		11954.0	810284430598270976
15332		3533.0	810254108431155201
16178		4132.0	809920764300447744
17605		5156.0	793962221541933056
7251		1541.0	809448704142938112
20812		5906.0	809220051211603969
13815		3712.0	809084759137812480
10566		3214.0	808838249661788160
8272		2286.0	808733504066486276
11803		2741.0	808501579447930884
25655		6257.0	801167903437357056
9168		2330.0	808106460588765185
13141		3734.0	808001312164028416
15230		3845.0	807621403335917568
123955		58517.0	807106840509214720
25159		7723.0	782969140009107456
13649		4060.0	807010152071229440
78342		36586.0	806629075125202948
21627		5833.0	781524693396357120
8999		7351.0	806570933175652352
10685		2483.0	806542213899489280
30426		12272.0	783334639985389568
6721		1255.0	806219024703037440
18000		5658.0	782722598790725632
8642		2019.0	805932879469572096
6870		1926.0	805826884734976000
6008		1736.0	805520635690676224
9193		2668.0	805487436403003392
8156		1803.0	805207613751304193
14323		4050.0	804738756058218496
24951		16743.0	804417859124273152
10579		3396.0	784826020293709826
46650		17029.0	804026241225523202
10512		2906.0	803773340896923648
19769		7828.0	691416866452082688
11465		4351.0	803638050916102144
8117		1960.0	803380650405482500
16615		5608.0	767754930266464257
10493		2595.0	803276597545603072
9435		2111.0	802952499103731712
11686		3074.0	777684233540206592
9360		2649.0	802572683846291456
16961		6150.0	802323869084381190
6912		1436.0	802265048156610565
15399		4739.0	779056095788752897
9480		2756.0	802239329049477120
2729		280.0	800065028116385792
8085		1797.0	801958328846974976
8575		2179.0	801538201127157760
6335		869.0	801285448605831168
25655		6257.0	801167903437357056
14385		4165.0	775733305207554048
8453		2213.0	801115127852503040
11030		2939.0	800751577355128832
13738		3160.0	800513324630806528
9932		2277.0	800459316964663297
12211		4548.0	776113305656188928
11679		2962.0	800388270626521089
13068		4168.0	681694085539872773
16027		2692.0	800141422401830912
29743		13887.0	800018252395122689
16167		4942.0	775085132600442880
8788		2278.0	799757965289017345
8429		2034.0	799422933579902976
22608		5784.0	774314403806253056
10358		2916.0	799297110730567681
8461		2604.0	799063482566066176
13736		4729.0	798933969379225600
7812		1507.0	798925684722855936
18579		6987.0	740676976021798912
19202		8216.0	718631497683582976
18911		6855.0	712809025985978368
12513		5238.0	701214700881756160
7817		2456.0	683391852557561860
12847		4971.0	676936541936185344
17199		5858.0	675501075957489664
8434		4108.0	671896809300709376
6654		1956.0	670444955656130560
6676		2080.0	667509364010450944
14075		6019.0	667182792070062081
13780		6162.0	666104133288665088
12446		3544.0	771770456517009408
10882		2704.0	798209839306514432
12168		3290.0	797971864723324932
15195		5126.0	797545162159308800
20899		6983.0	797236660651966464
20601		9399.0	687317306314240000
8044		2014.0	796865951799083009
12401		3229.0	796759840936919040
22526		7691.0	780931614150983680
7944		1861.0	796484825502875648
11524		4382.0	796387464403357696
33834		15088.0	796149749086875649
33834		15088.0	796149749086875649
9544		2550.0	796116448414461957
8862		2447.0	796080075804475393
11323		3914.0	796031486298386433
52092		25015.0	795464331001561088
10561		3045.0	795400264262053889
16981		5725.0	795076730285391872
12313		3557.0	789530877013393408
10762		2435.0	794926597468000259
28669		10862.0	788765914992902144
10027		2812.0	794332329137291264
9640		3504.0	794205286408003585
17605		5156.0	793962221541933056
9656		1971.0	793845145112371200
12292		3302.0	791672322847637504
8359		1714.0	793601777308463104
11195		2507.0	793500921481273345
25758		9688.0	793286476301799424
9088		2515.0	793271401113350145
20940		8798.0	793256262322548741
11021		3461.0	793241302385262592
10310		3033.0	793226087023144960
9351		2949.0	793210959003287553
16010		5935.0	793195938047070209
7267		2109.0	793180763617361921
9866		2932.0	793165685325201412
6477		1797.0	793150605191548928
6769		2616.0	793135492858580992
13294		4126.0	793120401413079041
15018		4197.0	792913359805018113
11831		4503.0	792883833364439040
7697		1773.0	792773781206999040
14070		4524.0	792394556390137856
7506		1906.0	792050063153438720
12292		3302.0	791672322847637504
13731		4348.0	791406955684368384
9187		2670.0	791312159183634433
13026		4327.0	763837565564780549
10325		2244.0	790987426131050500
17425		4938.0	790946055508652032
9674		2443.0	789986466051088384
8584		2024.0	790698755171364864
21639		7563.0	790581949425475584
8185		1976.0	790337589677002753
13140		3349.0	790277117346975746
12589		3765.0	762699858130116608
9674		2443.0	789986466051088384
10658		4347.0	762464539388485633
7863		1873.0	789628658055020548
7076		2025.0	789599242079838210
12313		3557.0	789530877013393408
109135		51121.0	788818328538099712
13575		5209.0	750719632563142656
9531		2740.0	789268448748703744
10159		2947.0	789137962068021249
28661		13094.0	788908386943430656
28669		10862.0	788765914992902144
16289		5550.0	788412144018661376
7558		2210.0	788178268662984705
6412		1361.0	788150585577050112
11720		3608.0	761004547850530816
6428		1390.0	788039637453406209
9071		3226.0	787810552592695296
10692		2924.0	787717603741622272
11347		2990.0	787397959788929025
8143		1834.0	787322443945877504
27804		8382.0	786963064373534720
8782		2530.0	759447681597108224
19055		6425.0	786709082849828864
11117		2684.0	786664955043049472
9830		3277.0	786595970293370880
11383		3687.0	786363235746385920
15969		5010.0	786233965241827333
19723		7413.0	779834332596887552
11893		3336.0	785927819176054784
6989		1918.0	785872687017132033
8172		2337.0	785639753186217984
9511		2097.0	785533386513321988
7577		1713.0	785264754247995392
12594		5089.0	785170936622350336
10579		3396.0	784826020293709826
9350		2663.0	784517518371221505
5955		1348.0	784431430411685888
31333		11306.0	783839966405230592
7673		2058.0	783821107061198850
10898		3368.0	783695101801398276
8817		2354.0	783466772167098368
17607		5767.0	783391753726550016
14691		5863.0	674291837063053312
30426		12272.0	783334639985389568
8504		2326.0	783085703974514689
25159		7723.0	782969140009107456
7791		1470.0	782747134529531904
18000		5658.0	782722598790725632
8119		1972.0	782598640137187329
17358		5841.0	782305867769217024
17321		6506.0	707610948723478529
11594		3531.0	781955203444699136
10891		2843.0	781661882474196992
21627		5833.0	781524693396357120
8798		2186.0	781251288990355457
10195		2866.0	781163403222056960
22526		7691.0	780931614150983680
7483		2103.0	780858289093574656
5727		1368.0	780800785462489090
12633		3496.0	780601303617732608
6568		1817.0	780543529827336192
10050		3872.0	742423170473463808
896		120.0	780465709297995776
5509		1124.0	780459368902959104
9063		2343.0	780192070812196864
7878		2415.0	753375668877008896
19723		7413.0	779834332596887552
9180		3252.0	779377524342161408
32311		19239.0	679462823135686656
15400		4739.0	779056095788752897
20834		7565.0	778990705243029504
7184		1377.0	778748913645780993
5999		1576.0	778650543019483137
4819		1058.0	778624900596654080
14199		4540.0	778408200802557953
26924		12800.0	703041949650034688
6077		1153.0	778383385161035776
10821		3447.0	778286810187399168
8835		2755.0	778039087836069888
6818		1693.0	778027034220126208
11290		3706.0	768193404517830656
6616		1708.0	777885040357281792
11686		3074.0	777684233540206592
13554		4425.0	750429297815552001
9119		2601.0	777621514455814149
14878		4495.0	777189768882946048
37003		14321.0	679828447187857408
5073		1269.0	776813020089548800
9201		2899.0	776477788987613185
23394		9564.0	700747788515020802
31166		16631.0	776218204058357768
9991		2626.0	776201521193218049
12211		4548.0	776113305656188928
1913		158.0	776088319444877312
50292		17163.0	733109485275860992
12189		2791.0	775842724423557120
14385		4165.0	775733305207554048
13447		4798.0	775729183532220416
7699		3112.0	775364825476165632
35673		13642.0	740373189193256964
16167		4942.0	775085132600442880
8907		1856.0	774757898236878852
6977		1802.0	774639387460112384
22608		5784.0	774314403806253056
11135		4043.0	773985732834758656
6653		1824.0	773922284943896577
6865		1697.0	773704687002451968
5534		1357.0	773670353721753600
22964		6438.0	773547596996571136
10889		5310.0	771380798096281600
24165		7793.0	773308824254029826
9792		3385.0	773247561583001600
10372		4312.0	773191612633579521
8895		4048.0	772877495989305348
8336		2445.0	772826264096874500
12031		3518.0	765222098633691136
6742		1762.0	772581559778025472
6277		1447.0	772193107915964416
3944		1174.0	772152991789019136
3919		770.0	772117678702071809
2815		485.0	772114945936949249
4157		968.0	772102971039580160
1178		459.0	771905568600719360
12446		3544.0	771770456517009408
8576		2714.0	771500966810099713
10889		5310.0	771380798096281600
13373		7839.0	673320132811366400
9493		3043.0	771136648247640064
6480		1492.0	771102124360998913
7139		1719.0	771014301343748096
2230		225.0	771002130450743296
5125		1255.0	770787852854652928
5380		1474.0	770772759874076672
118514		59491.0	739238157791694849
7586		1825.0	770655142660169732
6541		2172.0	770414278348247044
6474		1544.0	770293558247038976
9703		3181.0	741067306818797568
7855		2391.0	770069151037685760
32543		9981.0	769940425801170949
6629		1729.0	769695466921623552
5600		1782.0	769212283578875904
14942		6789.0	768970937022709760
7696		2799.0	700143752053182464
4354		925.0	768855141948723200
4265		1252.0	768609597686943744
5218		1335.0	768596291618299904
20418		6067.0	739979191639244800
14135		3580.0	768473857036525572
11290		3706.0	768193404517830656
4935		1444.0	767884188863397888
16615		5608.0	767754930266464257
7759		2431.0	767500508068192258
12731		3937.0	767191397493538821
10515		2972.0	767122157629476866
15159		5874.0	759923798737051648
5267		1408.0	766793450729734144
4161		825.0	766693177336135680
6225		1658.0	766423258543644672
7030		1957.0	766313316352462849
7187		2725.0	725842289046749185
4405		889.0	766069199026450432
3886		517.0	766008592277377025
7503		2226.0	765719909049503744
5372		1264.0	765669560888528897
27436		3517.0	765395769549590528
7328		2247.0	765371061932261376
12031		3518.0	765222098633691136
6671		1839.0	764857477905154048
6242		1566.0	764259802650378240
13026		4327.0	763837565564780549
5575		1538.0	763183847194451968
7474		3140.0	673295268553605120
7614		2371.0	763103485927849985
12589		3765.0	762699858130116608
11646		6706.0	762471784394268675
10658		4347.0	762464539388485633
4968		1162.0	762316489655476224
33040		16177.0	762035686371364864
5577		2083.0	761976711479193600
9699		4073.0	685325112850124800
4409		889.0	761745352076779520
51207		30205.0	761672994376806400
4265		1226.0	761599872357261312
33536		18751.0	711694788429553666
5375		1505.0	761334018830917632
4619		1128.0	761292947749015552
5486		1620.0	761227390836215808
11720		3608.0	761004547850530816
3948		1014.0	760893934457552897
6834		1981.0	760656994973933572
5132		1337.0	760641137271070720
7848		3761.0	760539183865880579
27716		11941.0	760290219849637889
4079		900.0	760252756032651264
5893		1873.0	760190180481531904
15159		5874.0	759923798737051648
6937		2047.0	759846353224826880
6157		1967.0	759793422261743616
40520		21888.0	739544079319588864
4857		1223.0	759557299618865152
8782		2530.0	759447681597108224
260		283.0	759167558763196416
6266		2017.0	759197388317847553
3839		1206.0	670319130621435904
14990		4318.0	759099523532779520
6704		2104.0	759047813560868866
3661		927.0	758854675097526272
11559		3988.0	758828659922702336
5914		1665.0	758740312047005698
3936		1034.0	758474966123810816
4957		2302.0	758467244762497024
5368		1990.0	758405701903519748
3528		1117.0	758355060040593408
2790		386.0	758041019896193024
7104		3367.0	757741869644341248
17329		8310.0	679062614270468097
4681		1256.0	757725642876129280
4715		1145.0	757611664640446465
49		80.0	987
4475		1084.0	757596066325864448
15625		7092.0	757400162377592832
6011		1797.0	757393109802180609
4671		1475.0	757354760399941633
6486		2053.0	756998049151549440
6859		2076.0	756939218950160384
5221		1353.0	756651752796094464
10737		3724.0	756526248105566208
4072		1130.0	756303284449767430
44168		18067.0	756288534030475264
6628		1585.0	756275833623502848
7563		2979.0	755955933503782912
16970		5528.0	755206590534418437
21890		11481.0	755110668769038337
21791		8215.0	679158373988876288
7098		2608.0	754856583969079297
2657		542.0	754747087846248448
5475		2019.0	754482103782404096
3868		753.0	754449512966619136
8117		2435.0	754120377874386944
6013		2232.0	753655901052166144
8172		3682.0	753420520834629632
5956		1982.0	753398408988139520
7878		2415.0	753375668877008896
14640		5920.0	681523177663676416
3485		1078.0	753294487569522689
4031		1005.0	753026973505581056
7112		1634.0	752917284578922496
6167		1651.0	752682090207055872
4525		1614.0	752660715232722944
7592		3555.0	752519690950500352
3927		1140.0	752334515931054080
32739		16957.0	675354435921575936
6121		1897.0	752173152931807232
5358		1380.0	751937170840121344
5975		2015.0	751830394383790080
8152		3135.0	751598357617971201
4535		1143.0	751583847268179968
5195		1303.0	751538714308972544
3302		1034.0	751456908746354688
12882		6084.0	751251247299190784
6505		1886.0	751205363882532864
5209		1341.0	751132876104687617
4925		1424.0	750868782890057730
13575		5209.0	750719632563142656
4574		1180.0	750506206503038976
13554		4425.0	750429297815552001
4691		1185.0	750383411068534784
3199		989.0	750147208377409536
3733		1334.0	750132105863102464
4459		1352.0	750117059602808832
3135		866.0	750101899009982464
2233		557.0	750086836815486976
8105		3440.0	750071704093859840
3242		926.0	750056684286914561
3268		641.0	750041628174217216
2789		809.0	750026558547456000
3328		936.0	750011400160841729
3151		842.0	749996283729883136
5253		2528.0	749981277374128128
4795		1358.0	749774190421639168
6275		1696.0	749417653287129088
2700		553.0	749403093750648834
8845		3557.0	749395845976588288
5640		2297.0	749317047558017024
4935		1564.0	749064354620928000
3194		813.0	749036806121881602
11049		3508.0	748977405889503236
5990		2333.0	748932637671223296
2845		973.0	748705597323898880
4874		1645.0	748699167502000129
4357		1363.0	748692773788876800
6228		2036.0	748575535303884801
2250		686.0	748568946752774144
5359		1268.0	748346686624440324
3782		781.0	748324050481647620
3763		728.0	748307329658011649
5925		2211.0	747963614829678593
6800		2618.0	747933425676525569
3026		1007.0	747885874273214464
2888		771.0	747844099428986880
4980		1195.0	747816857231626240
2385		567.0	747600769478692864
3781		1078.0	747594051852075008
5687		1643.0	747512671126323200
3974		1066.0	747461612269887489
6773		2965.0	704761120771465216
5423		1621.0	747219827526344708
3470		941.0	747204161125646336
9826		4083.0	747103485104099331
2971		308.0	746906459439529985
6137		2187.0	746872823977771008
5438		1784.0	746818907684614144
5004		1637.0	746790600704425984
6207		1844.0	746726898085036033
2973		1010.0	667866724293877760
4766		1110.0	746507379341139972
6336		1682.0	746369468511756288
7092		2277.0	746131877086527488
3640		834.0	746056683365994496
4120		1097.0	745789745784041472
7168		2392.0	745712589599014916
7263		2610.0	745433870967832576
8814		2499.0	745422732645535745
7354		2844.0	745314880350101504
7422		2337.0	745057283344719872
3037		637.0	744995568523612160
8082		2761.0	744971049620602880
5749		1613.0	744709971296780288
6953		2186.0	744334592493166593
160445		80263.0	744234799360020481
4270		1126.0	743980027717509120
3731		983.0	743895849529389061
4514		2146.0	667138269671505920
4593		1412.0	743609206067040256
18889		6730.0	743595368194129920
3623		969.0	743545585370791937
8104		3804.0	743510151680958465
4330		1259.0	743253157753532416
6359		1949.0	743222593470234624
3947		1408.0	743210557239623680
4530		2029.0	742528092657332225
7433		3981.0	742465774154047488
10050		3872.0	742423170473463808
6970		2027.0	742385895052087300
4451		1417.0	742161199639494656
5262		1583.0	742150209887731712
4657		1548.0	741793263812808706
8373		2842.0	741743634094141440
3758		853.0	741438259667034112
8993		3309.0	741303864243200000
9703		3181.0	741067306818797568
6530		2812.0	740995100998766593
3495		964.0	740711788199743490
2909		803.0	740699697422163968
18579		6987.0	740676976021798912
35673		13642.0	740373189193256964
2524		441.0	740365076218183684
3375		879.0	740359016048689152
6847		2019.0	740214038584557568
20418		6067.0	739979191639244800
4140		1107.0	739932936087216128
3892		876.0	739844404073074688
5488		1695.0	739606147276148736
40520		21888.0	739544079319588864
7328		3009.0	739485634323156992
118514		59491.0	739238157791694849
3854		1170.0	738885046782832640
3387		817.0	738883359779196928
5211		1589.0	738537504001953792
3312		860.0	738402415918125056
4414		1242.0	738184450748633089
8977		3460.0	738166403467907072
2569		663.0	738156290900254721
5387		1805.0	737826014890496000
10210		3557.0	737800304142471168
5149		1364.0	737678689543020544
10499		4567.0	737445876994609152
3681		832.0	737322739594330112
15004		7578.0	737310737551491075
4387		1775.0	736736130620620800
4070		1276.0	736365877722001409
8292		2839.0	736225175608430592
8068		3069.0	736010884653420544
3671		1181.0	735991953473572864
4102		1131.0	735648611367784448
6308		2395.0	735635087207878657
13284		5172.0	735274964362878976
3405		904.0	735256018284875776
3195		991.0	735137028879360001
2800		534.0	734912297295085568
12822		6428.0	734787690684657664
2564		556.0	734776360183431168
3651		804.0	733828123016450049
3745		1035.0	733822306246479872
3210		967.0	733482008106668032
4298		1314.0	733460102733135873
50292		17163.0	733109485275860992
2492		549.0	732732193018155009
3618		907.0	732726085725589504
3754		789.0	732585889486888962
8257		2572.0	732375214819057664
15220		5541.0	732005617171337216
3557		1004.0	731285275100512256
3911		1296.0	731156023742988288
6270		2021.0	730924654643314689
5017		2176.0	730573383004487680
3557		1067.0	730427201120833536
3908		1073.0	730211855403241472
4965		1955.0	730196704625098752
4129		1156.0	729854734790754305
1752		391.0	729838605770891264
4066		1274.0	729823566028484608
5909		2367.0	729463711119904772
1918		330.0	729113531270991872
3214		834.0	728986383096946689
4766		1747.0	728760639972315136
2833		690.0	728751179681943552
3376		1057.0	728653952833728512
5019		2054.0	728409960103686147
3752		981.0	728387165835677696
4409		1213.0	728046963732717569
4651		1696.0	728035342121635841
4194		1130.0	728015554473250816
3009		650.0	727685679342333952
6006		1785.0	727644517743104000
4555		1249.0	727524757080539137
3402		761.0	727314416056803329
3103		828.0	727286334147182592
3975		1414.0	727175381690781696
7035		2507.0	726935089318363137
3910		1549.0	726887082820554753
3631		1022.0	726828223124897792
4497		1168.0	726224900189511680
7187		2725.0	725842289046749185
4236		1392.0	725786712245440512
5294		1829.0	725729321944506368
4704		4094.0	725136065078521856
3792		1339.0	724983749226668032
2410		652.0	724771698126512129
5386		1678.0	724405726123311104
4405		1814.0	724049859469295616
2709		573.0	724046343203856385
4249		1597.0	724004602748780546
3974		1261.0	723912936180330496
7832		3012.0	723688335806480385
3073		910.0	723673163800948736
5387		1896.0	723179728551723008
4183		1589.0	722974582966214656
5062		1662.0	722613351520608256
4721		1901.0	721503162398597120
2581		626.0	721001180231503872
3175		783.0	720785406564900865
2537		679.0	720775346191278080
4209		1527.0	720415127506415616
6509		2557.0	720389942216527872
2930		995.0	720340705894408192
3947		1139.0	720059472081784833
5002		2050.0	720043174954147842
4931		1779.0	719991154352222208
4646		1470.0	719704490224398336
5151		1952.0	719551379208073216
2849		757.0	719367763014393856
4503		1267.0	719339463458033665
3487		974.0	719332531645071360
3554		1097.0	718971898235854848
5347		1796.0	718939241951195136
19202		8216.0	718631497683582976
2477		491.0	718613305783398402
2524		1036.0	718540630683709445
2759		534.0	718460005985447936
4955		1534.0	718454725339934721
1971		509.0	718246886998687744
3954		1022.0	718234618122661888
2506		611.0	717841801130979328
2935		1139.0	717790033953034240
5869		1882.0	717537687239008257
3216		861.0	717421804990701568
6410		1967.0	717047459982213120
3317		991.0	717009362452090881
4382		1198.0	716802964044845056
7441		1558.0	716791146589110272
3135		2575.0	716637124322177024
2418		214.0	716439118184652801
2830		1090.0	716285507865542656
6866		1945.0	716080869887381504
3260		894.0	715928423106027520
4760		1718.0	715733265223708672
3984		1319.0	715696743237730304
4408		1648.0	715680795826982913
5576		1606.0	715360349751484417
3099		704.0	715342466308784130
2462		664.0	715220193576927233
5240		1922.0	715200624753819648
4246		1260.0	715009755312439296
3822		1054.0	714982300363173890
4210		1437.0	714957620017307648
3336		1021.0	714631576617938945
3702		944.0	714606013974974464
3084		730.0	714258258790387713
3341		846.0	714251586676113411
2319		893.0	714214115368108032
4388		1425.0	714141408463036416
3357		797.0	713919462244790272
2899		755.0	713900603437621249
4976		1406.0	713761197720473600
4517		1323.0	713411074226274305
7369		2893.0	713177543487135744
4553		1494.0	713175907180089344
18911		6855.0	712809025985978368
12583		5097.0	712717840512598017
4262		1233.0	712668654853337088
5438		1593.0	712438159032893441
525		118.0	709919141004595201
3865		1059.0	712097430750289920
2995		907.0	712092745624633345
3326		495.0	712085617388212225
2311		642.0	712065007010385924
930		130.0	711998279773347841
8230		2362.0	711968124745228288
2911		1007.0	711743778164514816
9057		4207.0	711732680602345472
33534		18751.0	711694788429553666
3934		935.0	711652651650457602
3735		1163.0	711363825979756544
3385		747.0	711306686208872448
3052		623.0	711008018775851008
4662		1405.0	710997087345876993
2605		707.0	710844581445812225
2746		545.0	710833117892898816
2362		571.0	710658690886586372
4644		1909.0	710588934686908417
2189		528.0	710283270106132480
4630		1271.0	710272297844797440
2444		1147.0	710269109699739648
2964		911.0	710153181850935296
2824		905.0	710140971284037632
5612		2031.0	710117014656950272
3055		1083.0	709918798883774466
688		102.0	709901256215666688
3592		1223.0	709852847387627521
3613		1226.0	709566166965075968
3361		1091.0	709556954897764353
1521		240.0	709519240576036864
2283		589.0	709449600415961088
2673		700.0	709409458133323776
2455		581.0	709225125749587968
12850		5941.0	709207347839836162
2477		659.0	709198395643068416
2086		425.0	709158332880297985
4854		1671.0	709042156699303936
3058		913.0	708845821941387268
1718		510.0	708834316713893888
16824		7077.0	708810915978854401
2805		837.0	708738143638450176
2602		735.0	708711088997666817
2607		688.0	708479650088034305
3163		832.0	708469915515297792
3667		1347.0	708356463048204288
2401		753.0	708349470027751425
4371		1588.0	708149363256774660
3465		861.0	708130923141795840
2746		1004.0	708119489313951744
1983		556.0	708109389455101952
4467		1965.0	708026248782585858
3203		1148.0	707995814724026368
2761		984.0	707969809498152960
3345		970.0	707776935007539200
2546		628.0	707741517457260545
3493		1021.0	707693576495472641
17321		6506.0	707610948723478529
2321		708.0	707420581654872064
2338		608.0	707411934438625280
3577		1317.0	707387676719185920
3351		1105.0	707377100785885184
2529		660.0	707315916783140866
2839		806.0	707297311098011648
2642		690.0	707059547140169728
2239		806.0	707038192327901184
4174		1402.0	707021089608753152
2351		604.0	707014260413456384
2106		608.0	706901761596989440
3396		994.0	706681918348251136
2630		1125.0	706644897839910912
2208		646.0	706593038911545345
3541		1457.0	706538006853918722
3169		1052.0	706516534877929472
3521		946.0	706346369204748288
21820		8146.0	706310011488698368
1736		482.0	706291001778950144
2787		949.0	706265994973601792
2794		2764.0	706165920809492480
5266		1638.0	706166467411222528
3176		747.0	705975130514706432
3219		913.0	705970349788291072
2411		568.0	705898680587526145
1987		529.0	705786532653883392
3241		1176.0	705591895322394625
3015		939.0	705475953783398401
4532		1664.0	705442520700944385
3894		1724.0	705428427625635840
3068		765.0	705239209544720384
2634		809.0	705223444686888960
2196		522.0	705102439679201280
2224		630.0	705066031337840642
4354		1135.0	704871453724954624
2297		553.0	704859558691414016
5203		1567.0	704847917308362754
2699		1010.0	704819833553219584
6773		2965.0	704761120771465216
2994		1032.0	704499785726889984
3462		1088.0	704480331685040129
8180		3638.0	704364645503647744
1619		358.0	704347321748819968
1891		577.0	704113298707505153
2996		930.0	704054845121142784
1877		475.0	703774238772166656
3351		1163.0	703769065844768768
2646		696.0	703631701117943808
3937		1562.0	703611486317502464
3869		1391.0	703425003149250560
2506		713.0	703407252292673536
3587		1162.0	703382836347330562
1952		393.0	703356393781329922
2010		558.0	703268521220972544
7564		3165.0	703079050210877440
26924		12800.0	703041949650034688
2654		740.0	702932127499816960
3301		1094.0	702684942141153280
2250		571.0	702671118226825216
12461		3517.0	702598099714314240
2940		980.0	702539513671897089
3350		1060.0	702321140488925184
2526		783.0	702276748847800320
4903		1371.0	702217446468493312
3527		1011.0	701981390485725185
3908		1050.0	701952816642965504
3616		1418.0	701889187134500865
2134		468.0	701601587219795968
2880		950.0	701570477911896070
2715		623.0	701545186879471618
12513		5238.0	701214700881756160
2261		578.0	700890391244103680
2650		631.0	700864154249383937
2505		512.0	700847567345688576
2495		972.0	700796979434098688
23394		9564.0	700747788515020802
2677		814.0	700518061187723268
2334		589.0	700505138482569216
4226		1832.0	700462010979500032
2695		760.0	700167517596164096
2284		687.0	700151421916807169
7696		2799.0	700143752053182464
2713		705.0	700062718104104960
2121		602.0	700029284593901568
3391		1374.0	700002074055016451
3128		976.0	699801817392291840
2281		516.0	699788877217865730
2814		1273.0	699779630832685056
2001		613.0	699775878809702401
10512		4729.0	699691744225525762
6079		2671.0	699446877801091073
2215		526.0	699434518667751424
1400		335.0	699423671849451520
2121		632.0	699413908797464576
1931		452.0	699370870310113280
3235		884.0	699323444782047232
2292		648.0	699088579889332224
2507		674.0	699079609774645248
3062		1218.0	699072405256409088
2660		1220.0	699036661657767936
3450		1001.0	698989035503689728
2767		926.0	698953797952008193
2598		641.0	698907974262222848
2528		698.0	698710712454139905
1485		391.0	698703483621523456
1319		347.0	698635131305795584
2380		638.0	698549713696649216
1912		461.0	698355670425473025
2311		971.0	698342080612007937
4871		2046.0	698262614669991936
17150		6125.0	698195409219559425
2879		762.0	698178924120031232
1555		341.0	697995514407682048
3365		1321.0	697990423684476929
2446		700.0	697943111201378304
3084		1215.0	697881462549430272
3238		1032.0	697616773278015490
3096		1287.0	697596423848730625
2087		510.0	697575480820686848
2470		691.0	697482927769255936
3497		1420.0	697463031882764288
4794		1921.0	697270446429966336
3364		1026.0	697259378236399616
3097		1189.0	697255105972801536
2572		685.0	697242256848379904
3245		1043.0	696900204696625153
2400		691.0	696894894812565505
4975		1843.0	696886256886657024
2494		720.0	696877980375769088
1517		370.0	696754882863349760
2428		664.0	696713835009417216
2595		1042.0	696488710901260288
3279		1178.0	696405997980676096
3075		1192.0	695816827381944320
3239		796.0	695794761660297217
1911		765.0	695767669421768709
4684		2152.0	695629776980148225
4495		1855.0	695446424020918272
8865		3673.0	695409464418041856
3720		1488.0	695314793360662529
2698		631.0	695095422348574720
2912		1128.0	695074328191332352
1634		603.0	695064344191721472
2725		800.0	695051054296211456
292		308.0	166
2814		956.0	694905863685980160
36603		14739.0	694669722378485760
1536		292.0	694356675654983680
2087		632.0	694352839993344000
2047		514.0	694329668942569472
4265		2081.0	694206574471057408
3014		949.0	694183373896572928
3480		1051.0	694001791655137281
1776		376.0	693942351086120961
2755		603.0	693647888581312512
2599		417.0	693642232151285760
2501		811.0	693629975228977152
1572		378.0	693622659251335168
5172		2007.0	693590843962331137
1819		651.0	693486665285931008
3440		1266.0	693280720173801472
2275		511.0	693262851218264065
2929		751.0	693231807727280129
8054		3279.0	693155686491000832
1754		635.0	693109034023534592
1904		477.0	693095443459342336
2727		770.0	692919143163629568
2489		893.0	692905862751522816
1810		616.0	692901601640583168
2322		823.0	692894228850999298
2940		899.0	692828166163931137
6981		3722.0	692752401762250755
4451		1575.0	692568918515392513
3253		1394.0	692535307825213440
1879		421.0	692530551048294401
9548		3555.0	692417313023332352
2588		838.0	692187005137076224
2188		805.0	692158366030913536
1680		401.0	692142790915014657
2937		982.0	692017291282812928
4041		1699.0	691820333922455552
2934		1034.0	691756958957883396
1990		522.0	691675652215414786
2436		576.0	691483041324204033
4132		1167.0	691459709405118465
2709		869.0	691444869282295808
19769		7828.0	691416866452082688
2629		673.0	691321916024623104
3027		898.0	691096613310316544
1755		341.0	691090071332753408
3674		1280.0	690959652130045952
4209		2023.0	690938899477221376
3368		1050.0	690932576555528194
3869		1299.0	690735892932222976
2227		528.0	690728923253055490
2377		827.0	690690673629138944
1338		287.0	690649993829576704
2007		620.0	690597161306841088
1923		463.0	690400367696297985
3330		867.0	690374419777196032
2713		908.0	690360449368465409
1717		425.0	690248561355657216
2858		1052.0	690021994562220032
2564		755.0	690015576308211712
3743		1731.0	690005060500217858
1461		379.0	689999384604450816
1401		459.0	689977555533848577
2492		708.0	689905486972461056
3101		1203.0	689877686181715968
2208		761.0	689835978131935233
3283		945.0	689661964914655233
10606		3980.0	689659372465688576
2278		653.0	689623661272240129
11914		5667.0	689599056876867584
2095		468.0	689557536375177216
3479		1469.0	689517482558820352
2306		963.0	689289219123089408
3358		1133.0	689283819090870273
2029		728.0	689280876073582592
1176		247.0	689275259254616065
50		84.0	792
3142		1021.0	689154315265683456
2058		522.0	689143371370250240
2788		895.0	688916208532455424
2162		789.0	688908934925697024
2151		798.0	688898160958271489
2291		710.0	688894073864884227
1410		380.0	688828561667567616
983		195.0	688804835492233216
2266		674.0	688789766343622656
2670		718.0	688547210804498433
2374		743.0	688519176466644993
9499		4572.0	688385280030670848
2288		853.0	688211956440801280
2173		595.0	688179443353796608
2897		798.0	688116655151435777
1765		367.0	688064179421470721
2799		1151.0	687826841265172480
2545		971.0	687818504314159109
2447		727.0	687807801670897665
2491		860.0	687704180304273409
1984		517.0	687664829264453632
1948		587.0	687494652870668288
1635		247.0	687480748861947905
2027		547.0	687476254459715584
2103		555.0	687460506001633280
20601		9399.0	687317306314240000
4462		1947.0	687312378585812992
5586		2351.0	687127927494963200
2217		514.0	687124485711986689
5946		2528.0	687109925361856513
2395		1005.0	687102708889812993
2296		616.0	687096057537363968
8817		3272.0	686947101016735744
3560		1488.0	686749460672679938
4237		1229.0	686730991906516992
2889		827.0	686683045143953408
3777		1395.0	686618349602762752
1940		554.0	686606069955735556
3338		901.0	686386521809772549
2257		581.0	686377065986265092
2241		691.0	686358356425093120
2253		740.0	686050296934563840
3190		1184.0	686034024800862208
2547		426.0	686007916130873345
1867		651.0	686003207160610816
2155		536.0	685973236358713344
1665		609.0	685943807276412928
7680		2970.0	685906723014619143
2406		589.0	685667379192414208
3328		1497.0	685663452032069632
3004		801.0	685641971164143616
33747		16076.0	685547936038666240
3098		1192.0	685532292383666176
9699		4073.0	685325112850124800
2710		662.0	685321586178670592
3422		1088.0	685315239903100929
2123		455.0	685307451701334016
3175		1228.0	685268753634967552
2392		684.0	685198997565345792
4201		1460.0	685169283572338688
6973		3216.0	684959798585110529
3293		1069.0	684940049151070208
3586		473.0	684926975086034944
3587		1497.0	684914660081053696
1923		543.0	684902183876321280
2150		840.0	684880619965411328
2785		1030.0	684800227459624960
9125		3619.0	684594889858887680
3094		1262.0	684567543613382656
2712		977.0	684538444857667585
3973		1201.0	684481074559381504
2020		570.0	684460069371654144
8354		3368.0	684241637099323392
1261		213.0	684225744407494656
3919		1406.0	684222868335505415
2213		1059.0	684200372118904832
1957		523.0	684195085588783105
3572		1207.0	684188786104872960
2062		678.0	684177701129875456
2051		482.0	684122891630342144
4219		1466.0	684097758874210310
3895		1142.0	683857920510050305
1974		356.0	683852578183077888
2670		993.0	683849932751646720
2685		1137.0	683834909291606017
2864		1094.0	683828599284170753
3421		1391.0	683773439333797890
6649		3411.0	683742671509258241
3234		984.0	683498322573824003
2707		1022.0	683481228088049664
2485		694.0	683462770029932544
3994		1640.0	683449695444799489
7817		2456.0	683391852557561860
3001		952.0	683357973142474752
2949		1070.0	683142553609318400
3477		934.0	683111407806746624
2210		676.0	683098815881154561
2030		575.0	683078886620553216
2202		751.0	683030066213818368
37757		17080.0	682962037429899265
2526		1137.0	682788441537560576
1549		449.0	682750546109968385
1341		368.0	682697186228989953
3126		1108.0	682662431982772225
2107		617.0	682638830361513985
3506		1191.0	682429480204398592
7760		1809.0	682406705142087680
2284		696.0	682393905736888321
1700		476.0	682389078323662849
3126		1020.0	682303737705140231
4256		1239.0	682259524040966145
3333		1201.0	682242692827447297
5053		1733.0	682059653698686977
3266		973.0	682047327939461121
6739		2064.0	682032003584274432
3212		1567.0	682003177596559360
2864		1062.0	681981167097122816
2519		838.0	681891461017812993
13068		4168.0	681694085539872773
1808		457.0	681679526984871937
2696		951.0	681654059175129088
1947		482.0	681610798867845120
3632		1338.0	681579835668455424
14640		5920.0	681523177663676416
9510		4186.0	681339448655802368
2700		771.0	681320187870711809
4032		1862.0	681302363064414209
3275		984.0	681297372102656000
3291		1125.0	681281657291280384
1487		280.0	681261549936340994
1518		548.0	681242418453299201
2454		498.0	681231109724700672
3778		1524.0	681193455364796417
2476		676.0	680970795137544192
4671		2049.0	680959110691590145
3270		1076.0	680940246314430465
2117		446.0	680934982542561280
2454		637.0	680913438424612864
1803		374.0	680889648562991104
3537		1356.0	680836378243002368
2423		836.0	680801747103793152
2914		1063.0	680798457301471234
2695		724.0	680609293079592961
3706		1374.0	680583894916304897
4321		1964.0	680497766108381184
1757		494.0	680494726643068929
2598		758.0	680473011644985345
1478		510.0	680440374763077632
1489		298.0	680221482581123072
2894		1200.0	680206703334408192
2188		510.0	680191257256136705
3981		1594.0	680176173301628928
2373		754.0	680161097740095489
3689		1784.0	680145970311643136
2334		969.0	680130881361686529
2771		926.0	680115823365742593
3653		1411.0	680100725817409536
13067		9167.0	680085611152338944
2637		899.0	680070545539371008
2011		665.0	679877062409191424
2502		640.0	679862121895714818
2913		1258.0	679854723806179328
2416		780.0	679844490799091713
37003		14321.0	679828447187857408
3146		1133.0	679777920601223168
2129		814.0	679736210798047232
2202		847.0	679729593985699840
1687		475.0	679722016581222400
4870		2128.0	679530280114372609
2690		737.0	679527802031484928
3433		1292.0	679511351870550016
3213		1504.0	679503373272485890
2130		654.0	679475951516934144
32311		19239.0	679462823135686656
21791		8215.0	679158373988876288
2826		1051.0	679148763231985668
3016		1182.0	679132435750195208
6075		2614.0	679111216690831360
17329		8310.0	679062614270468097
2284		684.0	679047485189439488
2350		1193.0	678991772295516161
1674		472.0	678969228704284672
2624		921.0	678800283649069056
3508		1193.0	678798276842360832
2852		930.0	678774928607469569
3597		1387.0	678767140346941444
1663		486.0	678764513869611008
7255		3348.0	678755239630127104
3816		1712.0	678740035362037760
2630		5146.0	60
2914		1501.0	678675843183484930
2081		425.0	678643457146150913
4068		1584.0	678446151570427904
5507		2590.0	678424312106393600
4300		1850.0	678410210315247616
80426		32346.0	678399652199309312
1620		422.0	678396796259975168
1899		433.0	678389028614488064
2482		928.0	678380236862578688
1752		545.0	678341075375947776
1321		259.0	678334497360859136
11604		6171.0	678278586130948096
1614		371.0	678255464182861824
13916		6430.0	678021115718029313
1373		420.0	677918531514703872
4910		2127.0	677895101218201600
3101		988.0	677716515794329600
3430		1464.0	677700003327029250
1247		324.0	677698403548192770
2516		856.0	677687604918272002
3373		1518.0	677673981332312066
1966		972.0	677662372920729601
1883		810.0	677644091929329666
2157		725.0	677573743309385728
1312		469.0	677565715327688705
2465		1173.0	677557565589463040
7015		3718.0	677547928504967168
1084		233.0	677530072887205888
971		2017.0	77
1365		289.0	677334615166730240
1103		237.0	677331501395156992
3675		1524.0	677328882937298944
1660		533.0	677314812125323265
1249		407.0	677301033169788928
2017		715.0	677269281705472000
3581		1663.0	677228873407442944
2776		932.0	677187300187611136
2810		1089.0	676975532580409345
2252		816.0	676957860086095872
1324		398.0	676949632774234114
2195		870.0	676948236477857792
1741		376.0	676946864479084545
2095		762.0	676942428000112642
12847		4971.0	676936541936185344
2273		726.0	676897532954456065
2121		716.0	676864501615042560
23246		15789.0	676821958043033607
1827		677.0	676819651066732545
1430		426.0	676811746707918848
5051		2042.0	676776431406465024
2923		983.0	676617503762681856
1090		199.0	676613908052996102
1895		441.0	676606785097199616
1167		385.0	676603393314578432
2335		794.0	676588346097852417
1212		280.0	676582956622721024
2608		1123.0	676575501977128964
1887		559.0	676533798876651520
1532		534.0	676496375194980353
11694		4711.0	676470639084101634
1733		673.0	676440007570247681
1408		347.0	676430933382295552
2092		554.0	676263575653122048
1231		289.0	676237365392908289
76305		31278.0	676219687039057920
1758		587.0	676215927814406144
2298		1043.0	676191832485810177
1930		664.0	676146341966438401
2836		1173.0	676101918813499392
3033		1436.0	676098748976615425
1322		438.0	676089483918516224
1629		570.0	675898130735476737
2144		866.0	675891555769696257
2395		962.0	675888385639251968
4200		1404.0	675878199931371520
1642		571.0	675870721063669760
2702		1302.0	675853064436391936
2286		883.0	675845657354215424
1525		536.0	675822767435051008
1053		234.0	675820929667219457
10300		3414.0	675798442703122432
1638		472.0	675781562965868544
1171		347.0	675740360753160193
1895		821.0	675710890956750848
1986		692.0	675707330206547968
642		97.0	675706639471788032
1824		418.0	675534494439489536
1188		386.0	675531475945709568
1042		289.0	675522403582218240
1292		465.0	675517828909424640
17199		5858.0	675501075957489664
3154		1301.0	675497103322386432
1306		600.0	675489971617296384
1844		982.0	675483430902214656
1526		569.0	675432746517426176
1693		517.0	675372240448454658
1051		234.0	675362609739206656
32739		16957.0	675354435921575936
3930		2269.0	675349384339542016
2779		1292.0	675334060156301312
3619		1601.0	675166823650848770
6286		2595.0	675153376133427200
3734		1685.0	675149409102012420
941		236.0	675147105808306176
1192		307.0	675146535592706048
2138		906.0	675145476954566656
1300		495.0	675135153782571009
1952		787.0	675113801096802304
964		253.0	675111688094527488
2794		1136.0	675109292475830276
1060		328.0	675047298674663426
2709		1187.0	675015141583413248
987		228.0	675006312288268288
1560		470.0	675003128568291329
2249		1102.0	674999807681908736
860		356.0	674805413498527744
3021		861.0	674800520222154752
2509		1084.0	674793399141146624
1102		249.0	674790488185167872
819		208.0	674788554665512960
2002		1204.0	674781762103414784
1113		473.0	674774481756377088
1824		790.0	674767892831932416
786		237.0	674764817387900928
1365		448.0	674754018082705410
1457		466.0	674752233200820224
1403		551.0	674743008475090944
1102		387.0	674739953134403584
645		93.0	674737130913071104
1145		465.0	674690135443775488
1600		646.0	674670581682434048
918		254.0	674664755118911488
1437		495.0	674646392044941312
1022		266.0	674644256330530816
1678		580.0	674638615994089473
1503		575.0	674632714662858753
6212		2033.0	674468880899788800
1061		355.0	674447403907457024
1112		394.0	674436901579923456
1435		535.0	674422304705744896
681		140.0	674416750885273600
1198		462.0	674410619106390016
1506		574.0	674394782723014656
846		314.0	674372068062928900
1415		516.0	674318007229923329
14691		5863.0	674291837063053312
1564		730.0	674271431610523648
905		225.0	674269164442398721
1648		847.0	674265582246694913
1300		454.0	674262580978937856
1461		550.0	674255168825880576
753		167.0	674082852460433408
981		287.0	674075285688614912
6341		2194.0	674063288070742018
3311		1292.0	674053186244734976
1439		486.0	674051556661161984
1414		639.0	674045139690631169
720		129.0	674042553264685056
1096		411.0	674038233588723717
844		210.0	674036086168010753
1778		1208.0	674024893172875264
1126		300.0	674019345211760640
1558		634.0	674014384960745472
1195		346.0	674008982932058114
1938		951.0	673956914389192708
1161		371.0	673919437611909120
3178		1625.0	673906403526995968
927		251.0	673887867907739649
3522		2056.0	673715861853720576
1033		297.0	673711475735838725
843		273.0	673709992831262724
1075		285.0	673708611235921920
1093		388.0	673707060090052608
1249		402.0	673705679337693185
1432		561.0	673700254269775872
3770		1931.0	673697980713705472
1724		648.0	673689733134946305
1255		492.0	673688752737402881
1425		434.0	673686845050527744
1365		466.0	673680198160809984
1244		363.0	673662677122719744
714		238.0	673656262056419329
1092		356.0	673636718965334016
1592		721.0	673612854080196609
1179		357.0	673583129559498752
827		270.0	673580926094458881
1377		556.0	673576835670777856
1015		305.0	673363615379013632
1440		665.0	673359818736984064
1481		569.0	673355879178194945
1648		532.0	673352124999274496
744		212.0	673350198937153538
2490		1254.0	673345638550134785
963		270.0	673343217010679808
1262		575.0	673342308415348736
13373		7839.0	673320132811366400
872		255.0	673317986296586240
7474		3140.0	673295268553605120
1057		365.0	673270968295534593
1410		724.0	673240798075449344
2225		833.0	673213039743795200
1673		623.0	673148804208660480
1960		716.0	672997845381865473
946		289.0	672995267319328768
979		292.0	672988786805112832
1251		539.0	672984142909456390
1808		991.0	672980819271634944
1660		899.0	672975131468300288
939		353.0	672970152493887488
1305		542.0	672968025906282496
1407		633.0	672964561327235073
1349		501.0	672902681409806336
898		424.0	672898206762672129
1530		831.0	672884426393653248
1021		362.0	672877615439593473
1303		559.0	672834301050937345
1244		489.0	672828477930868736
970		317.0	672640509974827008
1288		486.0	672622327801233409
1214		575.0	672614745925664768
1104		385.0	672609152938721280
1101		397.0	672604026190569472
1322		604.0	672594978741354496
941		332.0	672591762242805761
715		179.0	672591271085670400
1017		360.0	672538107540070400
632		167.0	672523490734551040
1101		434.0	672488522314567680
1121		593.0	672482722825261057
711		124.0	672481316919734272
1419		692.0	672475084225949696
1339		530.0	672466075045466113
6405		3334.0	672272411274932228
1485		611.0	672267570918129665
1125		333.0	672264251789176834
2791		1529.0	672256522047614977
1418		731.0	672254177670729728
1708		598.0	672248013293752320
676		155.0	672245253877968896
885		319.0	672239279297454080
1808		995.0	672231046314901505
777		209.0	672222792075620352
2241		1142.0	672205392827572224
1007		364.0	672169685991993344
866		353.0	672160042234327040
1729		689.0	672139350159835138
2378		1129.0	672125275208069120
993		367.0	672095186491711488
934		358.0	672082170312290304
1280		513.0	672068090318987265
8434		4108.0	671896809300709376
1319		566.0	671891728106971137
3428		1364.0	671882082306625538
1400		667.0	671879137494245376
1234		550.0	671874878652489728
1102		486.0	671866342182637568
895		436.0	671855973984772097
7000		3449.0	671789708968640512
1179		502.0	671768281401958400
1655		905.0	671763349865160704
1341		757.0	671744970634719232
740		233.0	671743150407421952
1431		744.0	671735591348891648
8418		4296.0	671729906628341761
12681		7137.0	671561002136281088
1337		588.0	671547767500775424
1955		1034.0	671544874165002241
1082		556.0	671542985629241344
921		391.0	671538301157904385
1159		399.0	671536543010570240
1010		570.0	671533943490011136
837		259.0	671528761649688577
1388		522.0	671520732782923777
945		290.0	671518598289059840
1593		704.0	671511350426865664
6936		3513.0	671504605491109889
906		440.0	671497587707535361
1004		464.0	671488513339211776
574		195.0	671486386088865792
757		229.0	671485057807351808
1427		734.0	671390180817915904
1094		293.0	671362598324076544
395		147.0	671357843010908160
479		114.0	671355857343524864
946		421.0	671347597085433856
732		207.0	671186162933985280
1111		340.0	671182547775299584
865		348.0	671166507850801152
1648		1092.0	671163268581498880
369		81.0	671159727754231808
706		216.0	671154572044468225
664		152.0	671151324042559489
664		219.0	671147085991960577
1148		652.0	671141549288370177
912		398.0	671138694582165504
739		193.0	671134062904504320
3460		2489.0	671122204919246848
1361		769.0	671115716440031232
1132		435.0	671109016219725825
1097		290.0	670995969505435648
24351		8574.0	670842764863651840
584		193.0	670840546554966016
1096		684.0	670838202509447168
436		121.0	670833812859932673
726		213.0	670832455012716544
5477		3995.0	670826280409919488
763		186.0	670823764196741120
601		93.0	670822709593571328
3143		1520.0	670815497391357952
1114		268.0	670811965569282048
1147		489.0	670807719151067136
1935		947.0	670804601705242624
339		87.0	670803562457407488
732		234.0	670797304698376195
822		275.0	670792680469889025
656		239.0	670789397210615808
599		200.0	670786190031921152
816		386.0	670783437142401025
1546		759.0	670782429121134593
781		287.0	670780561024270336
324		72.0	670778058496974848
1061		414.0	670764103623966721
435		109.0	670755717859713024
952		507.0	670733412878163972
820		354.0	670727704916926465
1190		485.0	670717338665226240
766		369.0	670704688707301377
588		242.0	670691627984359425
743		277.0	670679630144274432
245		41.0	670676092097810432
10583		4957.0	670668383499735048
1498		731.0	670474236058800128
350		86.0	670468609693655041
963		543.0	670465786746662913
542		203.0	670452855871037440
1185		645.0	670449342516494336
6654		1956.0	670444955656130560
637		197.0	670442337873600512
1042		508.0	670435821946826752
1385		640.0	670434127938719744
325		111.0	670433248821026816
1367		613.0	670428280563085312
517		160.0	670427002554466305
1290		623.0	670421925039075328
624		309.0	670420569653809152
564		315.0	670417414769758208
2003		880.0	670411370698022913
554		221.0	670408998013820928
427		154.0	670403879788544000
554		203.0	670385711116361728
745		267.0	670374371102445568
326		66.0	670361874861563904
419		107.0	670338931251150849
3839		1206.0	670319130621435904
426		130.0	670303360680108032
697		281.0	670290420111441920
1014		329.0	670093938074779648
692		246.0	670086499208155136
2209		1210.0	670079681849372674
1563		772.0	670073503555706880
618		234.0	670069087419133954
755		333.0	670061506722140161
664		330.0	670055038660800512
642		171.0	670046952931721218
750		110.0	670040295598354432
584		269.0	670037189829525505
331		92.0	670003130994700288
323		83.0	669993076832759809
444		157.0	669972011175813120
302		59.0	669970042633789440
497		159.0	669942763794931712
368		99.0	669926384437997569
230		55.0	669923323644657664
804		391.0	669753178989142016
264		65.0	669749430875258880
385		110.0	669683899023405056
347		132.0	669682095984410625
658		284.0	669680153564442624
798		428.0	669661792646373376
3493		1791.0	669625907762618368
942		358.0	669603084620980224
507		150.0	669597912108789760
1477		918.0	669583744538451968
431		138.0	669573570759163904
1576		1003.0	669571471778410496
231		55.0	669567591774625800
380		121.0	669564461267722241
362		75.0	669393256313184256
1320		718.0	669375718304980992
495		177.0	669371483794317312
455		149.0	669367896104181761
614		222.0	669363888236994561
368		121.0	669359674819481600
2675		1262.0	669354382627049472
633		259.0	669353438988365824
432		181.0	669351434509529089
1009		414.0	669328503091937280
571		115.0	669327207240699904
494		206.0	669324657376567296
1184		401.0	669216679721873412
436		161.0	669214165781868544
994		469.0	669203728096960512
646		307.0	669037058363662336
735		370.0	669015743032369152
572		245.0	669006782128353280
20658		6287.0	669000397445533696
438		226.0	668994913074286592
736		339.0	668992363537309700
673		325.0	668989615043424256
888		461.0	668988183816871936
549		165.0	668986018524233728
533		302.0	668981893510119424
789		343.0	668979806671884288
1287		572.0	668975677807423489
698		236.0	668960084974809088
275		71.0	668955713004314625
261		58.0	668932921458302977
314		100.0	668902994700836864
393		148.0	668892474547511297
519		297.0	668872652652679168
449		164.0	668852170888998912
429		135.0	668826086256599040
567		263.0	668815180734689280
700		368.0	668779399630725120
525		216.0	668655139528511488
877		521.0	668645506898350081
869		524.0	668643542311546881
1062		532.0	668641109086707712
1029		481.0	668636665813057536
2775		1602.0	668633411083464705
705		310.0	668631377374486528
312		111.0	668627278264475648
382		129.0	668625577880875008
1406		750.0	668623201287675904
198		40.0	668620235289837568
610		313.0	668614819948453888
242		52.0	668567822092664832
509		217.0	668544745690562560
448		211.0	668542336805281792
249		72.0	668537837512433665
453		222.0	668528771708952576
320		102.0	668507509523615744
408		128.0	668496999348633600
418		232.0	668484198282485761
450		144.0	668480044826800133
872		507.0	668466899341221888
613		294.0	668297328638447616
239		29.0	668291999406125056
497		135.0	668286279830867968
811		227.0	668274247790391296
548		232.0	668268907921326080
1288		596.0	668256321989451776
967		473.0	668248472370458624
6103		2803.0	668237644992782336
296		102.0	668226093875376128
507		192.0	668221241640230912
553		190.0	668204964695683073
648		193.0	668190681446379520
483		190.0	668171859951755264
484		304.0	668154635664932864
565		277.0	668142349051129856
660		235.0	668113020489474048
1239		773.0	667937095915278337
295		110.0	667924896115245057
205		55.0	667915453470232577
483		297.0	667911425562669056
839		370.0	667902449697558528
1856		1059.0	667886921285246976
806		469.0	667885044254572545
386		115.0	667878741721415682
620		396.0	667873844930215936
2973		1010.0	667866724293877760
236		75.0	667861340749471744
289		61.0	667832474953625600
1042		482.0	667806454573760512
324		95.0	667801013445750784
689		324.0	667793409583771648
402		242.0	667782464991965184
234		55.0	667773195014021121
435		212.0	667766675769573376
374		146.0	667728196545200128
473		313.0	667724302356258817
172		34.0	667548695664070656
171		32.0	667548415174144001
5696		2226.0	667549055577362432
332		121.0	667546741521195010
849		513.0	667544320556335104
200		64.0	667538891197542400
807		511.0	667534815156183040
457		234.0	667530908589760512
1665		1086.0	667524857454854144
362		188.0	667517642048163840
6676		2080.0	667509364010450944
526		216.0	667502640335572993
508		262.0	667495797102141441
523		221.0	667491009379606528
252		96.0	667470559035432960
187		59.0	667455448082227200
304		88.0	667453023279554560
767		561.0	667443425659232256
442		230.0	667437278097252352
302		83.0	667435689202614272
455		217.0	667405339315146752
190		53.0	667393430834667520
358		159.0	667369227918143488
480		239.0	667211855547486208
601		256.0	667200525029539841
377		99.0	667192066997374976
732		399.0	667188689915760640
14075		6019.0	667182792070062081
188		55.0	667177989038297088
602		450.0	667176164155375616
238		79.0	667174963120574464
217		84.0	667171260800061440
2633		1107.0	667165590075940865
251		61.0	667160273090932737
46742		16543.0	667152164079423490
4514		2146.0	667138269671505920
323		126.0	667119796878725120
328		122.0	667090893657276420
390		117.0	667073648344346624
162		44.0	667065535570550784
212		51.0	667062181243039745
181		49.0	667044094246576128
438		215.0	667012601033924608
239		91.0	666996132027977728
2496		954.0	666983947667116034
795		540.0	666837028449972224
208		77.0	666835007768551424
247		92.0	666826780179869698
501		242.0	666817836334096384
230		88.0	666804364988780544
736		473.0	666786068205871104
375		183.0	666781792255496192
338		169.0	666776908487630848
229		64.0	666739327293083650
421		212.0	666701168228331520
184		46.0	666691418707132416
1090		596.0	666649482315059201
226		77.0	666644823164719104
503		204.0	666454714377183233
99		19.0	666447344410484738
119		44.0	666437273139982337
160		51.0	666435652385423360
305		181.0	666430724426358785
159		79.0	666428276349472768
308		110.0	666421158376562688
117		44.0	666418789513326592
424		314.0	666411507551481857
102		36.0	666407126856765440
161		80.0	666396247373291520
178		86.0	666373753744588802
746		537.0	666362758909284353
210		71.0	666353288456101888
281		130.0	666345417576210432
187		87.0	666337882303524864
478		329.0	666293911632134144
141		63.0	666287406224695296
165		74.0	666273097616637952
99		32.0	666268910803644416
13780		6162.0	666104133288665088
75		11.0	666102155909144576
146		63.0	666099513787052032
158		68.0	666094000022159362
108		42.0	666082916733198337
309		150.0	666073100786774016
139		55.0	666071193221509120
456		202.0	666063827256086533
108		56.0	666058600524156928
277		131.0	666057090499244032
418		226.0	666055525042405380
1164		804.0	666051853826850816
128		56.0	666050758794694657
102		41.0	666049248165822465
281		135.0	666044226329800704
120		43.0	666033412701032449
124		45.0	666029285002620928
2479		480.0	666020888022790149
